k,seed,inertia,silhouette,davies_bouldin,calinski_harabasz,mean_pairwise_ari
2,13,9100.169921875,0.04013452306389809,3.0137899639331316,13.736008644104004,0.13414150397843383
2,37,9106.1416015625,0.03993390500545502,3.6745535862355854,12.422329902648926,0.13414150397843383
2,73,9053.89453125,0.03778838366270065,1.8038178639931641,24.227413177490234,0.13414150397843383
2,101,9087.388671875,0.033050764352083206,4.145764155109461,16.606271743774414,0.13414150397843383
2,2026,9038.5625,0.033545371145009995,7.860965323329624,32.1572265625,0.13414150397843383
3,13,8961.080078125,0.019756492227315903,7.213010134442243,24.770503997802734,0.0841107174016161
3,37,8965.5087890625,0.013289673253893852,6.771012312355812,25.460533142089844,0.0841107174016161
3,73,8930.876953125,0.03766615316271782,6.378127981311837,33.544681549072266,0.0841107174016161
3,101,8980.767578125,0.03183114901185036,6.690629639983151,23.356605529785156,0.0841107174016161
3,2026,8983.447265625,0.03203343227505684,6.973721178426551,22.379159927368164,0.0841107174016161
4,13,8876.328125,0.030547255650162697,5.314006474198259,27.464189529418945,0.07132034794637866
4,37,8907.162109375,0.0337948314845562,3.3941196335144825,20.66483497619629,0.07132034794637866
4,73,8851.7578125,0.040159065276384354,3.7233548604671873,27.636714935302734,0.07132034794637866
4,101,8973.6962890625,-0.004565230570733547,4.222567302121144,16.442428588867188,0.07132034794637866
4,2026,8908.75,0.014040502719581127,5.127412617170551,22.236337661743164,0.07132034794637866
5,13,8823.2431640625,0.024172386154532433,4.432422406952403,21.889307022094727,0.03677113109102843
5,37,8804.880859375,0.027930766344070435,5.908665669882556,23.304031372070312,0.03677113109102843
5,73,8802.6875,0.035151902586221695,5.329649096274035,20.914926528930664,0.03677113109102843
5,101,8888.728515625,-0.018386073410511017,4.985577802056872,18.51760482788086,0.03677113109102843
5,2026,8755.3369140625,0.024758055806159973,4.862612874513421,30.037328720092773,0.03677113109102843
6,13,8726.759765625,0.03183307498693466,3.2939838473850167,21.885639190673828,0.06717840211515438
6,37,8710.6669921875,0.03356043994426727,4.233616852260735,22.341917037963867,0.06717840211515438
6,73,8783.318359375,0.0222069900482893,5.698772415984647,19.619882583618164,0.06717840211515438
6,101,8705.064453125,-0.00434423703700304,3.034456554217772,23.563920974731445,0.06717840211515438
6,2026,8689.88671875,0.04483260214328766,5.154253399696951,26.102811813354492,0.06717840211515438
7,13,8627.474609375,0.02425377257168293,3.0390597487417756,20.26875114440918,0.13804395049602522
7,37,8653.28125,0.028961913660168648,4.032723965709662,19.970285415649414,0.13804395049602522
7,73,8601.6015625,0.03773844987154007,4.8583080987778695,24.63309669494629,0.13804395049602522
7,101,8640.8095703125,0.009687316603958607,2.857756499222144,22.217058181762695,0.13804395049602522
7,2026,8605.798828125,0.055762145668268204,4.731149287521352,26.291152954101562,0.13804395049602522
8,13,8639.81640625,0.0333893820643425,4.421390019101764,18.958242416381836,0.16926216353112816
8,37,8550.76171875,0.03393782675266266,4.042371838512629,24.953561782836914,0.16926216353112816
8,73,8546.7421875,0.041015494614839554,4.547595499996663,21.713991165161133,0.16926216353112816
8,101,8543.6943359375,0.031000763177871704,3.249122761873157,24.74866485595703,0.16926216353112816
8,2026,8570.998046875,0.007437220774590969,2.7786289624289933,23.722698211669922,0.16926216353112816
9,13,8318.724609375,0.06667111068964005,3.934831890977239,28.717493057250977,0.21148194539135406
9,37,8414.8046875,0.049499787390232086,4.146697682919143,23.312114715576172,0.21148194539135406
9,73,8479.083984375,0.043807730078697205,4.211641064907509,22.06747055053711,0.21148194539135406
9,101,8461.1982421875,0.03331789746880531,3.2824138469740567,24.01093101501465,0.21148194539135406
9,2026,8395.5,0.055052850395441055,3.4038471568111617,24.969924926757812,0.21148194539135406
10,13,8296.796875,0.0413493886590004,2.6198447204784023,24.345882415771484,0.3322907453215118
10,37,8347.37890625,0.04263398051261902,2.8357982635298256,23.882946014404297,0.3322907453215118
10,73,8339.5546875,0.0719917044043541,3.0817957566771272,25.74823570251465,0.3322907453215118
10,101,8359.123046875,0.03912641108036041,3.1908348729481646,23.81667709350586,0.3322907453215118
10,2026,8289.2890625,0.07206756621599197,3.980670113741504,26.71540641784668,0.3322907453215118
11,13,8178.47314453125,0.08281770348548889,2.429549953770527,27.898109436035156,0.24974283934783373
11,37,8351.9990234375,0.051543962210416794,3.373452910793252,19.56133460998535,0.24974283934783373
11,73,8266.0849609375,0.07194578647613525,3.906687291288607,24.961271286010742,0.24974283934783373
11,101,8303.982421875,0.04456965997815132,3.4325976132112817,23.028301239013672,0.24974283934783373
11,2026,8240.6005859375,0.0675249695777893,3.8197926123337678,25.727357864379883,0.24974283934783373
12,13,8166.3427734375,0.07347572594881058,3.759303109345449,24.47806739807129,0.20786206080350395
12,37,8252.974609375,0.06127454340457916,3.1519736584644638,22.26018524169922,0.20786206080350395
12,73,8267.9833984375,0.02960401214659214,3.918619934336206,22.06975555419922,0.20786206080350395
12,101,8234.552734375,0.05072062462568283,3.308199038153895,22.69914436340332,0.20786206080350395
12,2026,8200.158203125,0.059549469500780106,3.353838065160703,22.971193313598633,0.20786206080350395
13,13,8069.4990234375,0.07458214461803436,2.6455033881832315,25.24312973022461,0.2774708638440626
13,37,8092.0498046875,0.04692843556404114,2.4021597215613983,26.131433486938477,0.2774708638440626
13,73,8095.1171875,0.07180692255496979,3.348909531017896,24.71516990661621,0.2774708638440626
13,101,8209.1845703125,0.04426795244216919,1.8478976152462094,21.036840438842773,0.2774708638440626
13,2026,8249.64453125,0.0537441149353981,3.7705173348902807,21.32649040222168,0.2774708638440626
14,13,8105.806640625,0.0680670365691185,3.2351805136957403,22.302350997924805,0.27886010897871516
14,37,8112.921875,0.06888771802186966,3.6036171555558636,21.22565460205078,0.27886010897871516
14,73,8112.6494140625,0.06644837558269501,3.5034817508007388,23.35113525390625,0.27886010897871516
14,101,8067.91357421875,0.06488972157239914,3.0019997252510255,22.5400390625,0.27886010897871516
14,2026,8041.578125,0.06746377050876617,3.014197048071862,22.85602378845215,0.27886010897871516
15,13,8052.26953125,0.04565126821398735,2.372360001098171,23.215185165405273,0.2258838282046464
15,37,8053.2919921875,0.09378175437450409,3.6868021165885088,22.42523193359375,0.2258838282046464
15,73,7996.00146484375,0.057983655482530594,2.656336484972583,23.410551071166992,0.2258838282046464
15,101,8037.7578125,0.06875733286142349,2.959509785347493,21.78964614868164,0.2258838282046464
15,2026,7880.7470703125,0.07845810800790787,3.795170674311513,25.928598403930664,0.2258838282046464
